{"x":[0,1,2,3,4,5,6,7,8,9,10,11,12,13,14,15,16,17,18,19,20,21,22,23,24,25,26,27,28,29,30,31,32,33,34,35,36,37,38,39,40,41,42,43,44,45,46,47,48,49,50,51,52,53,54,55,56,57,58,59,60,61,62,63,64,65,66,67,68,69,70,71,72,73,74,75,76,77,78,79,80,81,82,83,84,85,86,87,88,89,90,91,92,93,94,95,96,97,98,99,100],"y":[1.4900675129989742,3.5159088430890075,7.654747262692019,12.789215911828531,18.1481560229934,21.810643087634702,21.9932492755755,22.25110972226001,23.4146818157038,25.758821392507105,26.512905418291428,23.11780836167545,16.551135766152033,9.587469920549132,4.682927678275355,1.7179696185175721,0.8689501647537865,0.24480395352886258,0.3384528587417862,0.39870010030583775,0.26941930962505956,0.1912299625393132,0.687012245420398,0.6365113580528334,1.7777771029239013,4.252313356671278,10.002988031474807,21.445894872701782,36.632255494437615,51.10482319645498,56.889276941379855,50.89043348744016,36.87818606171204,21.72183906892329,11.032432266860342,5.322176931506409,4.243487943445275,6.287016369931393,9.12356651265005,12.062158547930125,13.384484604072535,12.440211433156353,9.643954989966243,6.398710700572821,3.694836284659079,2.7673758212750688,2.5824682731285753,2.525547065606413,2.1753944872809736,2.6479440445276747,2.7175353805530835,2.344737038062186,2.5788865623476758,2.930371766524801,2.9566557544499785,2.7529046332241185,3.377226236208072,3.2971766732652728,3.0909772776122972,3.6082966997512584,3.7469565092859454,3.6003348219921816,3.7786103599544485,4.1699885603047395,3.9644237885991744,4.433191590277352,4.63023863972162,4.493261220783836,4.5020620475646504,4.838717575758225,4.992946818541303,5.18110741774282,5.159779481821565,5.4923469934946425,5.645256664517677,5.57397152569174,5.831283087433174,6.143528763283104,5.986841965663284,6.4439916554545515,6.44443367419733,6.591401399081862,6.839960923502222,6.770818261459371,7.334567060614274,6.95990065649025,7.645581698094642,7.696227379999992,7.753386409544156,7.762075374866847,8.090559808350713,8.442745846219045,8.533292470333672,8.870823686781154,8.835027292159475,8.829017466556532,9.21362856546997,9.305543825620637,9.730600106662632,9.535122945279879,9.954664711333898]}