{"x":[0,1,2,3,4,5,6,7,8,9,10,11,12,13,14,15,16,17,18,19,20,21,22,23,24,25,26,27,28,29,30,31,32,33,34,35,36,37,38,39,40,41,42,43,44,45,46,47,48,49,50,51,52,53,54,55,56,57,58,59,60,61,62,63,64,65,66,67,68,69,70,71,72,73,74,75,76,77,78,79,80,81,82,83,84,85,86,87,88,89,90,91,92,93,94,95,96,97,98,99,100],"y":[1.2503814697265625,3.3956483730218157,7.396018579433106,12.952369047706407,18.377826676930358,21.5875,22.175889941833425,22.097441583698423,23.478169805991808,25.84813759181849,26.35,22.865686979896036,16.274111777198193,9.399720602451463,4.437898566796083,1.78780517578125,0.7173549811408254,0.3981123910674705,0.34467898614989523,0.364220778158399,0.4012359619140625,0.4480652753243005,0.5303092830074572,0.7734065614532983,1.6093685787508392,4.125,10.172230292133701,21.368769042075414,36.71992652315538,50.96242180562841,56.90018310546875,51.083909998079726,36.969847928390564,21.78114187667255,10.873666416151739,5.475,4.364275069922346,6.036214213326602,9.190861769647249,12.268328972997576,13.6008544921875,12.421384074891431,9.464561878549718,6.271807651873304,3.9709064911715073,2.775,2.337436124018037,2.2613728345971356,2.313922796629248,2.4025060261132656,2.50018310546875,2.601017833661949,2.7040013913940633,2.809,2.916,3.025,3.136,3.249,3.364,3.481,3.6,3.721,3.844,3.969,4.096,4.225,4.356,4.489,4.624,4.761,4.9,5.041,5.184,5.329,5.476,5.625,5.776,5.929,6.084,6.241,6.4,6.561,6.724,6.889,7.056,7.225,7.396,7.569,7.744,7.921,8.1,8.281,8.464,8.649,8.836,9.025,9.216,9.409,9.604,9.801,10]}